{
    "0": 1.0000000000000007,
    "1": 0.9884143799000008,
    "2": 0.914944593900001,
    "3": 0.7285822099000007,
    "4": 0.49222016190000056,
    "5": 0.34233203390000033,
    "6": 0.2958343476999999,
    "7": 0.2528276436999997,
    "8": 0.1710100117000002,
    "9": 0.10183087569999995,
    "10": 0.07989602770000005,
    "11": 0.07600199120000008,
    "12": 0.05939371120000044,
    "13": 0.0337841272000002,
    "14": 0.017192383199999994,
    "15": 0.013536575199999961,
    "16": 0.012346427199999965,
    "17": 0.008278571199999965,
    "18": 0.0037034032000000093,
    "19": 0.0020161072000000023,
    "20": 0.0020161072000000023,
    "21": 0.0017390702000000039,
    "22": 0.0009826262000000017,
    "23": 0.0003580021999999996,
    "24": 0.00021739420000000054,
    "25": 0.00021739420000000054,
    "26": 0.00016864660000000026,
    "27": 6.943059999999999e-05,
    "28": 2.0758600000000005e-05,
    "29": 2.0758600000000005e-05,
    "30": 2.0758600000000005e-05,
    "31": 1.4001599999999998e-05,
    "32": 4.121599999999998e-06,
    "33": 1.4176000000000006e-06,
    "34": 1.4176000000000006e-06,
    "35": 1.4176000000000006e-06,
    "36": 7.096000000000002e-07,
    "37": 8.560000000000004e-08,
    "38": 8.560000000000004e-08,
    "39": 8.560000000000004e-08,
    "40": 8.560000000000004e-08,
    "41": 2.9100000000000002e-08,
    "42": 3.1e-09,
    "43": 3.1e-09,
    "44": 3.1e-09,
    "45": 3.1e-09,
    "46": 1.0000000000000002e-10,
    "47": 1.0000000000000002e-10,
    "48": 1.0000000000000002e-10,
    "49": 1.0000000000000002e-10,
    "50": 1.0000000000000002e-10
}